{
    "add": [
        "000001",
        "rs",
        "rt",
        "shamt",
        "000001"
    ],
    "comp": [
        "000001",
        "rs",
        "rt",
        "shamt",
        "000010"
    ],
    "diff": [
        "000001",
        "rs",
        "rt",
        "shamt",
        "000011"
    ],
    "and": [
        "000010",
        "rs",
        "rt",
        "shamt",
        "000001"
    ],
    "xor": [
        "000010",
        "rs",
        "rt",
        "shamt",
        "000010"
    ],
    "shll": [
        "000011",
        "rs",
        "rt",
        "shamt",
        "000000"
    ],
    "shrl": [
        "000011",
        "rs",
        "rt",
        "shamt",
        "000001"
    ],
    "shllv": [
        "000011",
        "rs",
        "rt",
        "shamt",
        "000010"
    ],
    "shrlv": [
        "000011",
        "rs",
        "rt",
        "shamt",
        "000011"
    ],
    "shra": [
        "000011",
        "rs",
        "rt",
        "shamt",
        "000100"
    ],
    "shrav": [
        "000011",
        "rs",
        "rt",
        "shamt",
        "000101"
    ],
    "br": [
        "000100",
        "rs",
        "addr",
        "00000"
    ],
    "bltz": [
        "000100",
        "rs",
        "addr",
        "00001"
    ],
    "bz": [
        "000100",
        "rs",
        "addr",
        "00010"
    ],
    "bnz": [
        "000100",
        "rs",
        "addr",
        "00011"
    ],
    "b": [
        "000101",
        "addr",
        "00000"
    ],
    "bcy": [
        "000101",
        "addr",
        "00001"
    ],
    "bncy": [
        "000101",
        "addr",
        "00010"
    ],
    "bl": [
        "000110",
        "addr",
        "00000"
    ],
    "addi": [
        "100100",
        "rs",
        "rt",
        "imm"
    ],
    "compi": [
        "100101",
        "rs",
        "rt",
        "imm"
    ],
    "lw": [
        "100011",
        "rs",
        "rt",
        "imm"
    ],
    "sw": [
        "101011",
        "rs",
        "rt",
        "imm"
    ]
}